t;dT

0x1211ca61e;0x117c3
0x1211e741b;0x1198f
0x121204147;0x11ad5
0x121220ee6;0x11b96
0x12123db3f;0x11ba3
0x12125b1fd;0x119fc
0x121277d48;0x118c6
0x121294a48;0x11923
0x1212b0921;0x1179d
0x1212ce33e;0x119bf
0x1212eb0fa;0x11a7f
0x121307be9;0x119fe
0x121324ac3;0x11cf4
0x121342004;0x1257f
0x12135dfbb;0x119b1
0x12137acd0;0x11a07
0x121397a51;0x11aa3
0x1213b478b;0x11b28
0x1213d14dd;0x11ba5
0x1213ee27f;0x11ccb
0x12140adc9;0x11b52
0x121427b40;0x11bd2
0x1214442b5;0x1179c
0x121460e6d;0x117db
0x12147d9b4;0x118c9
0x12149a5a8;0x11808
0x1214b7255;0x11819
0x1214d401f;0x11945
0x1214f0d59;0x119b1
0x12150daf6;0x11a96
0x12152a7d4;0x11c17
0x1215473a4;0x11aeb
0x121563dee;0x118bc
0x121580a8c;0x11a8e
0x12159d826;0x11b9e
0x1215ba4b4;0x11be2
0x1215d6caf;0x116ff
0x1215f3bb6;0x11b44
0x121610673;0x11923
0x12162d4eb;0x11b86
0x12164a052;0x11a60
0x121666e5b;0x11bd0
0x12168377f;0x1182b
0x1216a0448;0x118f9
0x1216bdb72;0x11814
0x1216da84a;0x11834
0x1216f7700;0x11aa2
0x121714295;0x119ea
0x121730dce;0x1197d
0x12174d867;0x11778
0x12176a618;0x119af
0x121787355;0x11a2a
0x1217a403a;0x11b63
0x1217c0d09;0x11b32
0x1217dda73;0x11bc3
0x1217fa4a0;0x11946
0x121816ef9;0x117fa
0x121833bbc;0x1182b
0x121850875;0x11829
0x12186d69a;0x119b7
0x12188a496;0x11adc
0x1218a7232;0x11cad
0x1218c3d5e;0x11b34
0x1218e07c7;0x1198d
0x1218fd44e;0x11958
0x12191a04f;0x118dc
0x121936c60;0x1183c
0x12195390b;0x11817
0x1219706fe;0x1196d
0x12198d5d6;0x11bd6
0x1219a9f9a;0x119ae
0x1219c6995;0x11875
0x1219e321f;0x1179b
0x1219ffc0f;0x11668
0x121a1cfcf;0x116fc
0x121a39d5a;0x11a2b
0x121a5673c;0x11aa0
0x121a734b2;0x11c1a
0x121a8fffd;0x11a68
0x121aacac1;0x1194b
0x121ac95dd;0x1183f
0x121ae6296;0x117e6
0x121b02ecd;0x117c5
0x121b1fbdd;0x1187f
0x121b3cb47;0x11aed
0x121b5a181;0x11a4a
0x121b76d6e;0x11997
0x121b938ce;0x1182f
0x121bb04b2;0x117fc
0x121bcd305;0x1196d
0x121be9b07;0x117cc
0x121c067df;0x11837
0x121c234bc;0x1183d
0x121c4019d;0x117f3
0x121c5d062;0x11b76
0x121c79a44;0x1199a
0x121c96708;0x119a8
0x121cb3332;0x118e8
0x121ccfff0;0x118cc
0x121cecc05;0x1182c
0x121d09805;0x11709
0x121d26806;0x11a57
0x121d43291;0x11825
0x121d5fdbb;0x1174c
0x121d7c8e8;0x119aa
0x121d99746;0x11b85
0x121db639a;0x11b9a
0x121dd3799;0x1195d
0x121def6a3;0x1180a
0x121e0ccc6;0x11807
0x121e29b12;0x119b2
0x121e467ce;0x1199e
0x121e62fcc;0x118ed
0x121e7fc9f;0x11595
0x121e9ca70;0x11537
0x121eb94cc;0x118be
0x121ed5ea8;0x116bc
0x121ef2d9d;0x119dc
0x121f0fa60;0x119c1
0x121f2c67d;0x1190c
0x121f490f7;0x11971
0x121f665b7;0x11a4b
0x121f831cc;0x119fc
0x121f9f8a3;0x1157a
0x121fbc842;0x11bf8
0x121fd9cd7;0x124f3
0x121ff6518;0x11779
0x122012f51;0x11a04
0x12202fae2;0x1190d
0x12204c083;0x114a6
0x12206945f;0x11833
0x122085eb4;0x1190f
0x1220a2bb7;0x11b77
0x1220bf856;0x11b21
0x1220dc3ad;0x119dc
0x1220f8c5f;0x115dd
0x12211628d;0x11743
0x122133056;0x119c7
0x12214fcee;0x119b9
0x12216cb40;0x11b45
0x122188ec4;0x11611
0x1221a6073;0x11a07
0x1221c2633;0x11884
0x1221df9d3;0x119f5
0x1221fc644;0x11af4
0x1222190ad;0x118c7
0x122235ca3;0x1197f
0x1222528e4;0x11947
0x12226f705;0x11ab1
0x12228c06c;0x118dd
0x1222a8abf;0x11683
0x1222c5462;0x117fa
0x1222e210e;0x115b1
0x1222ff654;0x119d0
0x12231bab4;0x116e5
0x122338753;0x1169f
0x1223558ee;0x1197d
0x122372300;0x11834
0x12238f0b1;0x114b2
0x1223ac221;0x1182b
0x1223c89c0;0x11706
0x1223e4ef1;0x116e5
0x1224021df;0x1162b
0x12241ecda;0x11a01
0x12243bc76;0x11a61
0x1224589da;0x11b00
0x1224750fd;0x1158c
0x122492063;0x116b1
0x1224af4a7;0x11c22
0x1224cbfe2;0x11a85
0x1224e8df6;0x1195a
0x1225052b5;0x11aa6
0x1225220b3;0x1140b
0x12253ee8c;0x1160d
0x12255bd49;0x11777
0x12257843b;0x1183b
0x1225951ce;0x11aab
0x1225b1ef9;0x11b1f
0x1225ce7ef;0x118ed
0x1225eb472;0x118d0
0x122608069;0x11819
0x122624e9c;0x11ae4
0x122641aab;0x11a29
0x12265e8c4;0x11b45
0x12267b615;0x11bd4
0x122698225;0x11b6b
0x1226b4dbb;0x11a2a
0x1226d24bb;0x11a6b
0x1226ee4ee;0x1198b
0x12270b172;0x119a2
0x12272851c;0x1171b
0x122745348;0x119b0
0x1227620d1;0x11a8e
0x12277ee6e;0x11b68
0x12279bb17;0x11bd4
0x1227b8441;0x1181b
0x1227d4f65;0x117f9
0x1227f1be0;0x117e1
0x12280eb4c;0x11ae9
0x12282b7ac;0x11bc6
0x12284827a;0x11a00
0x122864e01;0x119f4
0x122881b0e;0x11b75
0x12289e4d1;0x119b5
0x1228bb176;0x119a9
0x1228d7d36;0x119d6
0x1228f4a11;0x119dd
0x1229116d8;0x119bb
0x12292e55d;0x11b83
0x12294b141;0x11bf5
0x122967a87;0x118aa
0x1229849ad;0x11888
0x1229a1ac1;0x116cb
0x1229be4a7;0x1152a
0x1229db1f9;0x11576
0x1229f7de8;0x115eb
0x122a14e6a;0x11a24
0x122a3170a;0x11932
0x122a4dd1c;0x116c6
0x122a6aab0;0x11668
0x122a8757c;0x11611
0x122aa4312;0x116f9
0x122ac0e54;0x1159a
0x122ade6a6;0x11b0a
0x122afada5;0x11700
0x122b17a89;0x117ed
0x122b346ef;0x11839
0x122b5165d;0x11b51
0x122b6df48;0x1175c
0x122b8b5bc;0x11b9b
0x122ba8070;0x11903
0x122bc4ae9;0x11ba4
0x122be10e3;0x117cb
0x122bfe37e;0x1197e
0x122c1b0f8;0x11bee
0x122c3785b;0x11805
0x122c549b7;0x11d1b
0x122c72131;0x12869
0x122c8de74;0x119e2
0x122caac54;0x11adb
0x122cc792b;0x11a5a
0x122ce44a0;0x119a0
0x122d017aa;0x11755
0x122d1e109;0x11958
0x122d3b47c;0x11925
0x122d57ee1;0x11aa2
0x122d745ba;0x11646
0x122d9132a;0x119c9
0x122dadf03;0x119bc
0x122dca9c7;0x11845
0x122de7778;0x11a4d
0x122e04b38;0x1182a
0x122e21802;0x117d6
0x122e3e4d4;0x11825
0x122e5b328;0x119aa
0x122e7804a;0x11abc
0x122e94d32;0x11ad4
0x122eb1a4c;0x11b1d
0x122ece394;0x11888
0x122eeafb1;0x119ab
0x122f07c67;0x119c6
0x122f24a63;0x11b13
0x122f41705;0x11be3
0x122f5e0e7;0x118de
0x122f7acac;0x118ad
0x122f97807;0x1175f
0x122fb455e;0x1193c
0x122fd13b5;0x11a9b
0x122fee0f6;0x11b31
0x12300ae38;0x11ba8
0x123027a42;0x11b6c
0x123044785;0x11bbd
0x123061385;0x11b40
0x12307e04f;0x11b35
0x12309a863;0x1170d
0x1230b7607;0x117f0
0x1230d42e6;0x11846
0x1230f0f86;0x1180a
0x12310de17;0x11a58
0x12312a9af;0x11a22
0x12314739f;0x118ad
0x1231640fc;0x11a5a
0x123180c74;0x11ab9
0x12319da1b;0x11b15
0x1231ba56b;0x119cb
0x1231d7103;0x11939
0x1231f3cf6;0x1184c
0x123210939;0x117bb
0x12322d6cd;0x119c2
0x12324a4f5;0x11b82
0x1232671d9;0x11b52
0x123284617;0x119df
0x1232a13e6;0x11a58
0x1232be1ad;0x11cc9
0x1232dacf0;0x11b05
0x1232f7546;0x11763
0x1233142ce;0x119f7
0x123330ebe;0x118de
0x12334dc13;0x119e4
0x12336a903;0x11a31
0x123387733;0x11b72
0x1233a43c1;0x11af8
0x1233cf273;0x11b03
0x1233ebc7e;0x1187d
0x123408a18;0x119c0
0x123425400;0x116d8
0x1234422ed;0x119bc
0x12345f027;0x11a40
0x12347bc16;0x11aa2
0x1234989c1;0x11b31
0x1234b5726;0x11bd6
0x1234d220d;0x119e3
0x1234eec9e;0x119bc
0x12350b991;0x119ea
0x12352864a;0x119ee
0x12354531e;0x119ed
0x123561eb9;0x11884
0x12357ebb9;0x1185d
0x12359ba28;0x119a0
0x1235b870a;0x119d8
0x1235d5458;0x11a46
0x1235f2051;0x11a66
0x12360ec08;0x11954
0x12362b80b;0x11989
0x123648355;0x11838
0x1236650e7;0x1190a
0x123682241;0x11584
0x12369f2df;0x117a2
0x1236bb68e;0x118d6
0x1236d8aae;0x11723
0x1236f4f85;0x115d6
0x1237122fd;0x117c1
0x12372ecd7;0x119b3
0x12374b9aa;0x1196c
0x12376866e;0x119b4
0x12378519e;0x11822
0x1237a1e4d;0x117d5
0x1237be9c4;0x11963
0x1237db665;0x119b3
0x1237f7f60;0x115cf
0x123814f04;0x1199c
0x123831bce;0x119d2
0x12384e8a6;0x119e1
0x12386b7b3;0x11bfc
0x1238883c7;0x11bff
0x1238a5af6;0x11af4
0x1238c25c2;0x1192a
0x1238df1c0;0x118cb
0x1238fc0b2;0x11b9d
0x12391974f;0x1256c
0x123935857;0x119cc
0x1239523dd;0x1186f
0x12396f1b5;0x118e1
0x12398beaf;0x119f1
0x1239a8b8c;0x119b5
0x1239c5944;0x11a84
0x1239e26db;0x11b78
0x1239ff49c;0x11d43
0x123a1bce5;0x118f3
0x123a388dd;0x118c4
0x123a553fa;0x11735
0x123a721a0;0x117e8
0x123a8ed94;0x11756
0x123aabbe7;0x11916
0x123ac8a20;0x11b22
0x123ae5762;0x11b93
0x123b02395;0x11b50
0x123b1f0d7;0x11b9f
0x123b3ba9d;0x1198c
0x123b5873d;0x1198f
0x123b751c2;0x1175b
0x123b91f8e;0x11954
0x123baed97;0x11b05
0x123bcb977;0x11b16
0x123be8552;0x11a45
0x123c05074;0x1189f
0x123c21d9e;0x11930
0x123c3e914;0x11aa4
0x123c5b092;0x116d7
0x123c77f15;0x11b29
0x123c949f9;0x11996
0x123cb1607;0x11922
0x123cce235;0x1194c
0x123cead5f;0x1198c
0x123d07e27;0x11a40
0x123d243a2;0x11785
0x123d41369;0x11bf9
0x123d5df46;0x11b5d
0x123d7ab41;0x11aa5
0x123d977d1;0x11a7e
0x123db43ab;0x11976
0x123dd1072;0x119aa
0x123dedc61;0x118e9
0x123e0b172;0x118a5
0x123e27e08;0x1188a
0x123e44ab9;0x118b5
0x123e6169d;0x11814
0x123e7e239;0x11983
0x123e9aefa;0x11af1
0x123eb7b78;0x11bfa
0x123ed4819;0x11c01
0x123ef13f8;0x11b21
0x123f0df28;0x119a0
0x123f2abef;0x1198b
0x123f4789c;0x1197e
0x123f6445e;0x1189e
0x123f80f0a;0x116bd
0x123f9df4c;0x11b9c
0x123fbabf8;0x11bcf
0x123fd745e;0x11894
0x123ff41e7;0x119b7
0x124010ef5;0x11b7c
0x12402d62f;0x117e1
0x12404a4c1;0x11b37
0x1240670d4;0x11a96
0x1240846d1;0x11962
0x1240a11d5;0x117c6
0x1240bde88;0x1180b
0x1240da0f3;0x119db
0x1240f748a;0x1196d
0x124113e2d;0x118a8
0x124130ab5;0x11cb5
0x12414d443;0x1197f
0x12416a1ea;0x11ab0
0x1241875f0;0x11a00
0x1241a43ce;0x11be7
0x1241c0953;0x117da
0x1241ddd6c;0x11967
0x1241f9e5c;0x119fe
0x124217307;0x118a5
0x124233f09;0x11807
0x124250e01;0x119f8
0x12426da47;0x11acb
0x12428a674;0x11a82
0x1242a6f8a;0x1199e
0x1242c3d31;0x11aa5
0x1242e0aca;0x11b95
0x1242fd214;0x117a6
0x124319f67;0x119ba
0x124336e2e;0x11be5
0x124353a95;0x11bc4
0x1243706fe;0x11517
0x12438d764;0x11895
0x1243aa4ac;0x1193f
0x1243c71a6;0x11b47
0x1243e3ced;0x11a7e
0x124400757;0x11998
0x12441d407;0x1199a
0x12443a216;0x11b28
0x124456ea1;0x11bda
0x124473a66;0x11b1b
0x124490573;0x1196c
0x1244acf27;0x116b6
0x1244c9d72;0x119a4
0x1244e6b60;0x11bab
0x12450352a;0x11922
0x1245200e4;0x11884
0x12453cec1;0x11b66
0x124559ba7;0x11be6
0x1245767fc;0x11bc2
0x124593512;0x11c64
0x1245b0abc;0x127b6
0x1245cc6ba;0x11881
0x1245e91a4;0x11a41
0x124605ae2;0x11743
0x1246234f7;0x11954
0x12464031b;0x11b06
0x12465cf33;0x11b5b
0x1246798e0;0x118ae
0x12469662e;0x11964
0x1246b3017;0x116ac
0x1246cff11;0x11967
0x1246ecbbe;0x11985
0x12470992b;0x11a42
0x12472660b;0x11b30
0x12474312a;0x11a11
0x12475fd08;0x11957
0x12477c9b5;0x11972
0x124799427;0x11749
0x1247b623a;0x1194d
0x1247d3011;0x11ada
0x1247efded;0x11c2c
0x12480c909;0x11b05
0x124829283;0x117cf
0x124845f31;0x118a4
0x124862faa;0x11d8b
0x12487f9a4;0x11bc2
0x12489c574;0x11ac6
0x1248b9057;0x11934
0x1248d5a80;0x116ff
0x1248f271c;0x116cf
0x12490f609;0x11939
0x12492c2c6;0x11981
0x124949218;0x11c56
0x124965b47;0x119e6
0x124982375;0x11611
0x12499f373;0x11aec
0x1249bc05a;0x11ba6
0x1249d8c07;0x11ac1
0x1249f56da;0x1191a
0x124a12341;0x11b23
0x124a2ef68;0x11a7e
0x124a4b8ea;0x1188f
0x124a683c5;0x116f7
0x124a85082;0x1171a
0x124aa1f27;0x1197a
0x124abed6a;0x11b40
0x124adb6c3;0x119a2
0x124af827d;0x118c5
0x124b14cec;0x11933
0x124b31636;0x116db
0x124b4e734;0x11ca7
0x124b6ba20;0x1184c
0x124b88929;0x11b32
0x124ba5582;0x11c8a
0x124bc207e;0x11b0e
0x124bdecab;0x11a86
0x124bfb6f5;0x11ba7
0x124c17e75;0x116e7
0x124c34c44;0x11560
0x124c51517;0x118ef
0x124c6e30a;0x11ba0
0x124c8b7a4;0x11aab
0x124ca80f6;0x11a82
0x124cc44b4;0x1178e
0x124ce143b;0x1160c
0x124cfe508;0x1173f
0x124d1b144;0x11663
0x124d378d7;0x117df
0x124d54626;0x118c6
0x124d711f9;0x1180b
0x124d8e017;0x119ac
0x124daae02;0x11b1e
0x124dc7ab2;0x11b0a
0x124de479b;0x11b51
0x124e01473;0x11c1f
0x124e1de46;0x11983
0x124e3a7bc;0x1165a
0x124e5759e;0x11873
0x124e74454;0x11b36
0x124e911b2;0x11bce
0x124eadf2c;0x11ccb
0x124ecaa57;0x11b50
0x124ee7651;0x11a77
0x124f042e2;0x11a1e
0x124f20ec1;0x1195e
0x124f3d887;0x116a3
0x124f5a703;0x119e1
0x124f7749a;0x11ac8
0x124f9449f;0x11e00
0x124fb0efc;0x11bbb
0x124fcdb93;0x11c05
0x124fea4e5;0x11862
0x12500717e;0x11987
0x125023dfc;0x1196c
0x125040a77;0x1197e
0x12505d895;0x11b30
0x12507a4e4;0x11abe
0x125097002;0x11a25
0x1250b3b58;0x11902
0x1250d064f;0x11716
0x1250ee15c;0x11bf1
0x12510ad37;0x11b34
0x1251278d7;0x119fd
0x125144490;0x11926
0x125161139;0x11979
0x12517dd09;0x11891
0x12519a790;0x11676
0x1251b6fef;0x11b1d
0x1251d3b23;0x119b8
0x1251f05e3;0x117f8
0x12520d294;0x1166d
0x12522a466;0x11c1e
0x125247c7e;0x12759
0x12526375a;0x11767
0x1252806dd;0x119fc
0x12529de52;0x11b42
0x1252baaf9;0x11b0b
0x1252d6a45;0x119a8
0x1252f3435;0x116ef
0x125310e02;0x11967
0x12532dba4;0x11a83
0x12534a588;0x119d6
0x1253671a0;0x11ac1
0x125383f36;0x11b80
0x1253a06c3;0x1168c
0x1253bd5d4;0x11b6f
0x1253da145;0x11b65
0x1253f6920;0x117f0
0x125413951;0x11b99
0x125430026;0x119ce
0x12544d372;0x116e3
0x12546a366;0x11b4b
0x125486f40;0x11b9c
0x1254a38d8;0x118ee
0x1254c0363;0x1176d
0x1254dd008;0x11831
0x1254f9e42;0x119c5
0x125516bd9;0x11ab2
0x12553397a;0x11b87
0x1255505ac;0x11b6d
0x12556d0bc;0x11a5d
0x125589ae2;0x117c0
0x1255a67b7;0x117c2
0x1255c3326;0x116d6
0x1255e02d5;0x11b1e
0x1255fcf62;0x11b3c
0x125619891;0x11830
0x12563652c;0x11994
0x12565325d;0x11a18
0x125680a33;0x22634
0x11e60be77;0x1182c
0x11e628be6;0x118f8
0x11e6457d8;0x1180f
0x11e662a4c;0x11a60
0x11e67f1b9;0x11841
0x11e69c8a6;0x11b65
0x11e6b908c;0x1170d
0x11e6d5d74;0x11923
0x11e6f2a44;0x119c5
0x11e70f851;0x11b21
0x11e72c590;0x11b93
0x11e749284;0x11bec
0x11e765ef5;0x11c0b
0x11e782a17;0x11a75
0x11e79f601;0x1197f
0x11e7bc2a6;0x11980
0x11e7d8d2b;0x117ed
0x11e7f5b43;0x11992
0x11e8128c9;0x11a4f
0x11e82f572;0x11a79
0x11e84c2b9;0x11b32
0x11e868e28;0x119c7
0x11e8857c7;0x1181f
0x11e8a23e7;0x1178c
0x11e8bf1bd;0x119cb
0x11e8dbf69;0x11abc
0x11e8f8c1d;0x11b0b
0x11e915889;0x11b7f
0x11e932207;0x11823
0x11e94eeaa;0x119c4
0x11e96c429;0x11bce
0x11e988ed2;0x11992
0x11e9a5ac7;0x1196b
0x11e9c258c;0x11819
0x11e9df23f;0x117fa
0x11e9fbf06;0x11822
0x11ea18f86;0x11bca
0x11ea35abb;0x11bda
0x11ea526db;0x11b13
0x11ea6f373;0x11af1
0x11ea8bcd6;0x11860
0x11eaa88da;0x11801
0x11eac596c;0x11bf0
0x11eae23dc;0x11960
0x11eafefe7;0x118fc
0x11eb1bf90;0x11c70
0x11eb38b71;0x11bad
0x11eb553fb;0x11772
0x11eb7214c;0x11b48
0x11eb8ee86;0x11ba5
0x11ebabab6;0x11af9
0x11ebc8833;0x11be0
0x11ebe5225;0x118e3
0x11ec023e6;0x11825
0x11ec1f244;0x11964
0x11ec3bda6;0x11837
0x11ec58be9;0x119b8
0x11ec759a4;0x11b41
0x11ec92553;0x119fa
0x11ecaf1be;0x11992
0x11eccbde6;0x11a78
0x11ece876d;0x116fb
0x11ed053b5;0x11759
0x11ed223a6;0x11ba0
0x11ed3f004;0x11b15
0x11ed5bf7a;0x11df1
0x11ed79357;0x1264e
0x11ed95382;0x119a4
0x11edb1e23;0x11830
0x11edcec72;0x119db
0x11edeb94d;0x119dd
0x11ee0849c;0x1184a
0x11ee252cf;0x11976
0x11ee41ffb;0x11a1e
0x11ee5ea30;0x11950
0x11ee7b55e;0x1180f
0x11ee98416;0x11a22
0x11eeb5244;0x11a77
0x11eed1d71;0x118b0
0x11eeee76d;0x1161c
0x11ef0bb2c;0x11bd0
0x11ef2870b;0x11b2e
0x11ef44fa1;0x116f8
0x11ef61c60;0x1182d
0x11ef7eaa7;0x119a5
0x11ef9b4d6;0x119a2
0x11efb80a1;0x118b9
0x11efd4cf2;0x11867
0x11eff1672;0x11885
0x11f00e3ab;0x11b7d
0x11f02b011;0x11ad5
0x11f04848c;0x11864
0x11f0652bf;0x11b41
0x11f081bad;0x118c8
0x11f09e867;0x118e3
0x11f0bb515;0x118bf
0x11f0d7fb7;0x11697
0x11f0f4f81;0x11b50
0x11f111b33;0x11a22
0x11f12e9af;0x11baf
0x11f14b684;0x11bf8
0x11f1682f9;0x11b75
0x11f184fde;0x11ba3
0x11f1a1ae2;0x119e3
0x11f1be499;0x11815
0x11f1db233;0x11903
0x11f1f82b7;0x11cab
0x11f214c97;0x11ab7
0x11f2317f6;0x1195a
0x11f24e034;0x119bc
0x11f26aca5;0x1197e
0x11f287737;0x11802
0x11f2a46e3;0x11b33
0x11f2c1caa;0x11a7a
0x11f2de76d;0x118ec
0x11f2fb3ae;0x1185e
0x11f3181b5;0x11bef
0x11f334c61;0x11a5c
0x11f351902;0x11a1d
0x11f36e49f;0x119d1
0x11f38b12c;0x11b75
0x11f3a7df1;0x11b39
0x11f3c47e2;0x11982
0x11f3e1361;0x118fe
0x11f3fdf6e;0x11819
0x11f41ac5b;0x1185b
0x11f43789e;0x117be
0x11f4546e7;0x119e0
0x11f4713b8;0x119e1
0x11f48e214;0x11b70
0x11f4aaeb4;0x11bf0
0x11f4c7958;0x11994
0x11f4e454d;0x1198d
0x11f501064;0x11814
0x11f51deb8;0x119b6
0x11f53a9dc;0x11834
0x11f557569;0x116fb
0x11f574196;0x11949
0x11f590f19;0x119e9
0x11f5ada28;0x11817
0x11f5ca5f0;0x11758
0x11f5e738b;0x117fc
0x11f604041;0x11842
0x11f621042;0x11b90
0x11f63e807;0x11b9f
0x11f65b282;0x11afc
0x11f677c80;0x11a0b
0x11f6942ff;0x117ca
0x11f6b0f6a;0x11acf
0x11f6cdd08;0x11b9c
0x11f6eaad8;0x11cfe
0x11f7076a6;0x11bda
0x11f724ab8;0x11961
0x11f7417bd;0x119d8
0x11f75e497;0x119c2
0x11f77b15c;0x11b68
0x11f797ef4;0x11c0d
0x11f7b477c;0x11761
0x11f7d14fa;0x11bcb
0x11f7ee1bd;0x11bf7
0x11f80adf2;0x11b15
0x11f827860;0x118e2
0x11f8443f9;0x11972
0x11f861264;0x11b5f
0x11f87dcaf;0x11a4c
0x11f89a883;0x119ac
0x11f8b752f;0x119b2
0x11f8d4118;0x118f3
0x11f8f0d1a;0x1181e
0x11f90d9e2;0x11842
0x11f92a90b;0x11aa6
0x11f9474b9;0x119af
0x11f964262;0x11baf
0x11f980b8e;0x119ce
0x11f99d908;0x11479
0x11f9ba2ce;0x11716
0x11f9d704b;0x117de
0x11f9f41f8;0x11d30
0x11fa1173d;0x125a2
0x11fa2d846;0x119dd
0x11fa4a524;0x119e9
0x11fa67335;0x11af7
0x11fa83f7b;0x11ace
0x11faa0c6a;0x11af5
0x11fabd89e;0x11a1d
0x11fada50b;0x11a3f
0x11faf6f75;0x118dc
0x11fb13c2d;0x118dd
0x11fb3096e;0x11b58
0x11fb4d6d1;0x11bed
0x11fb6a108;0x11938
0x11fb87495;0x1194f
0x11fba41ad;0x11c08
0x11fbc0e1b;0x11be5
0x11fbddac0;0x11b9b
0x11fbfa5b1;0x119d1
0x11fc1719e;0x11980
0x11fc33e5a;0x11998
0x11fc50a6f;0x118ed
0x11fc6d721;0x118de
0x11fc8a422;0x1191a
0x11fca7101;0x119de
0x11fcc3dcd;0x119d7
0x11fce0a91;0x119ce
0x11fcfd85b;0x11b59
0x11fd1a377;0x11a94
0x11fd36ee0;0x11997
0x11fd53a19;0x11823
0x11fd706d2;0x1182e
0x11fd8d40d;0x118ac
0x11fdaa2d7;0x11bdc
0x11fdc6abd;0x118c0
0x11fde369d;0x1180f
0x11fe00614;0x11afe
0x11fe1dd25;0x11afe
0x11fe3a5fe;0x1187b
0x11fe57132;0x11736
0x11fe73f28;0x118b8
0x11fe9081d;0x11742
0x11fead62d;0x11980
0x11feca27f;0x119ec
0x11fee70e0;0x11b65
0x11ff03974;0x11a59
0x11ff1ffd1;0x11708
0x11ff3d2fb;0x116ad
0x11ff59792;0x11691
0x11ff76dd1;0x116d5
0x11ff935ec;0x1198a
0x11ffb02a7;0x119c2
0x11ffccf73;0x119cc
0x11ffe9ac8;0x11843
0x12000691a;0x119f8
0x1200232fb;0x1171d
0x12004039b;0x11a3b
0x12005d24d;0x11b14
0x12007a119;0x11d29
0x120096f0d;0x11b76
0x1200b3435;0x11869
0x1200d0118;0x1160f
0x1200ecabf;0x11982
0x12010a0f4;0x117c8
0x120126da9;0x11818
0x1201436c5;0x11653
0x12016060f;0x1172d
0x12017c777;0x1168d
0x120199e65;0x115fb
0x1201b6548;0x11977
0x1201d2ed6;0x11701
0x1201f09fb;0x11b9b
0x12020d6b4;0x11bf5
0x12022a292;0x11ae4
0x120246c4b;0x11818
0x12026390e;0x118bc
0x120280508;0x1181c
0x12029d35b;0x119c3
0x1202b9fbc;0x11977
0x1202d6c73;0x119af
0x1202f2eb1;0x11b5f
0x12030fcd4;0x11c88
0x12032cdb8;0x1160a
0x120349d89;0x11b5d
0x120366a7e;0x11bd8
0x120383731;0x11c04
0x12039fd03;0x115b9
0x1203bcc70;0x11b45
0x1203d959a;0x11a4b
0x1203f5e1a;0x1183b
0x1204132d6;0x11865
0x12042f4b3;0x11702
0x12044c533;0x11780
0x12046945f;0x1171d
0x120485e96;0x1153a
0x1204a2ed9;0x11651
0x1204c01fb;0x11aa6
0x1204dcbbb;0x119f5
0x1204f9294;0x116f2
0x12051659b;0x11b85
0x1205329bc;0x117e8
0x12054ffe2;0x119fd
0x12056cbcb;0x11974
0x12058979c;0x118a2
0x1205a63ab;0x11808
0x1205c3123;0x119af
0x1205dff75;0x11b60
0x1205fcc76;0x11ba2
0x1206198d4;0x11b40
0x12063618b;0x11886
0x120652cc3;0x1173d
0x12066fb21;0x1189b
0x12068caaa;0x11b9e
0x1206aa12f;0x1256d
0x1206c6206;0x119a8
0x1206e2fb6;0x11a8c
0x1206ffcf6;0x11b90
0x12071c954;0x11b11
0x1207390cd;0x11774
0x120755e7d;0x1191f
0x120772c20;0x11aa3
0x12078fb10;0x11cd5
0x1207ac555;0x11ae1
0x1207c8fc9;0x1197d
0x1207e5d7d;0x11b2b
0x12080293a;0x11b8e
0x12081f524;0x11b34
0x12083c134;0x11a82
0x120858bd5;0x11878
0x120875868;0x11986
0x1208924f5;0x1199e
0x1208af2e9;0x11b09
0x1208cc045;0x11bc5
0x1208e8c75;0x11b92
0x12090554f;0x118d3
0x120922156;0x1182f
0x12093f270;0x1149d
0x12095b653;0x115fa
0x1209783fb;0x116a7
0x120995516;0x11850
0x1209b1ee1;0x118ea
0x1209ceb92;0x118d7
0x1209ec520;0x11b5f
0x120a091d1;0x11aed
0x120a25f60;0x11bd7
0x120a42bab;0x11b0a
0x120a5f432;0x1176d
0x120a7c058;0x11823
0x120a98d2c;0x1182f
0x120ab5a83;0x118cb
0x120ad291a;0x11bf2
0x120aef5f3;0x11bbc
0x120b0bddc;0x118cb
0x120b289f4;0x11825
0x120b45603;0x11777
0x120b62460;0x1192a
0x120b7f295;0x11b54
0x120b9bf3b;0x11ba7
0x120bb88f4;0x11910
0x120bd540c;0x117f6
0x120bf224f;0x11af6
0x120c0ee5f;0x11b2c
0x120c2b991;0x119b5
0x120c48649;0x119cd
0x120c65076;0x1184a
0x120c81c82;0x1177f
0x120c9eb69;0x11977
0x120cbb7c0;0x11c06
0x120cd7cc0;0x11499
0x120cf4b1f;0x11565
0x120d11c02;0x11628
0x120d2ea8b;0x1179c
0x120d4b5c9;0x1140c
0x120d68832;0x11aad
0x120d84d33;0x114ad
0x120da1ad2;0x114d5
0x120dbe8f0;0x116ba
0x120ddbaae;0x11bc9
0x120df7d46;0x11509
0x120e1477b;0x1142f
0x120e31cad;0x119d4
0x120e4ea85;0x11b77
0x120e6b30d;0x11893
0x120e8809b;0x119b2
0x120ea4b9f;0x11801
0x120ec1a8f;0x11a6d
0x120ede661;0x119af
0x120efb3de;0x11a71
0x120f1813f;0x11bc4
0x120f34e1e;0x11bd4
0x120f51ac7;0x11bbf
0x120f6e676;0x11b2e
0x120f8b0f7;0x118f2
0x120fa7b5f;0x11745
0x120fc4b50;0x11b45
0x120fe164b;0x11b0c
0x120ffe12d;0x11956
0x12101ac6f;0x11a48
0x12103818d;0x118bc
0x121054d7e;0x117e3
0x121071c5c;0x11b10
0x12108e606;0x1197f
0x1210ab2a1;0x1197a
0x1210c7f5a;0x1197f
0x1210e48c4;0x11648
0x1211012f6;0x11808
0x12111db07;0x1186e
0x12113a661;0x1160f
0x121157a5a;0x11cc2
0x1211742fd;0x116dc
0x12119150d;0x118ca
0x1211ade41;0x11af3